source_doc,page,row_index,serial_or_id,date,description,attorney,produced_to_defense,notes
EFTA00010025,0,1,3502-001,2021.02.01,Notes from phone call,,2021.04.23,visual_only_manual_p00
EFTA00010025,0,2,3502-002,2021.02.01,Testimony disclosure,,2021.04.23,visual_only_manual_p00
EFTA00010025,0,3,3502-003,2021.03.03,Notes from phone call,,2021.04.23,visual_only_manual_p00
EFTA00010025,0,4,3502-004,2021.04.09,Interview notes,,2021.04.23,visual_only_manual_p00
EFTA00010025,0,5,3502-005,2021.04.21,Interview notes,,2021.04.23,visual_only_manual_p00
EFTA00010025,0,6,3502-006,,Resume,,2021.04.23,visual_only_manual_p00
EFTA00010025,0,7,3502-007,,Contract for services,,2021.04.23,visual_only_manual_p00
EFTA00010025,0,8,3502-008,2021.10.21,Notes,,2021.10.25,visual_only_manual_p00
EFTA00010025,0,9,3502-009,2021.10.24,Notes,,2021.10.25,visual_only_manual_p00
EFTA00010025,0,10,3502-010,2006,Article,,2021.10.25,visual_only_manual_p00
EFTA00010025,0,11,3502-011,2009,Article,,2021.10.25,visual_only_manual_p00
EFTA00010025,0,12,3502-012,2010,Article,,2021.10.25,visual_only_manual_p00
EFTA00010025,0,13,3502-013,2014,Article,,2021.10.25,visual_only_manual_p00
EFTA00010025,0,14,3502-014,2015,Article,,2021.10.25,visual_only_manual_p00
EFTA00010025,0,15,3502-015,2015,Article,,2021.10.25,visual_only_manual_p00
EFTA00010025,0,16,3502-016,2015,Article,,2021.10.25,visual_only_manual_p00
EFTA00010025,0,17,3502-017,2016,Article,,2021.10.25,visual_only_manual_p00
EFTA00010025,0,18,3502-018,2017,Article,,2021.10.25,visual_only_manual_p00
EFTA00010025,0,19,3502-019,2018,Article,,2021.10.25,visual_only_manual_p00
EFTA00010025,0,20,3502-020,2018,Article,,2021.10.25,visual_only_manual_p00
EFTA00010025,0,21,3502-021,2019,Article,,2021.10.25,visual_only_manual_p00
EFTA00010025,0,22,3502-022,2020,Article,,2021.10.25,visual_only_manual_p00
EFTA00010025,0,23,3502-023,2021,Article,,2021.10.25,visual_only_manual_p00
EFTA00010025,0,24,3502-024,2021,Article,,2021.10.25,visual_only_manual_p00
EFTA00010025,0,25,3502-025,2021.10.25,Notes,,2021.10.25,visual_only_manual_p00
EFTA00010025,0,26,3502-026,2020,Article,,2021.11.06,visual_only_manual_p00
EFTA00010025,0,27,3502-027,2020,Article,,2021.11.06,visual_only_manual_p00
EFTA00010025,0,28,3502-028,2021.10.29,Notes,,2021.11.06,visual_only_manual_p00
EFTA00010025,0,29,3502-029,2021.10.31,Notes,,2021.11.06,visual_only_manual_p00
EFTA00010025,0,30,3502-030,2021.11.01,Notes,,2021.11.06,visual_only_manual_p00
EFTA00010025,0,31,3502-031,2021.11.02,Notes,,2021.11.06,visual_only_manual_p00
EFTA00010025,0,32,3502-032,2009,Article,,2021.11.06,visual_only_manual_p00
EFTA00010025,0,33,3502-033,2020,Article,,2021.11.06,visual_only_manual_p00
EFTA00010025,0,34,3502-034,2021,Article,,2021.11.06,visual_only_manual_p00
EFTA00010025,0,35,3502-035,2021.11.03,Notes,,2021.11.06,visual_only_manual_p00
EFTA00010025,0,36,3502-036,2021.11.04,Notes,,2021.11.06,visual_only_manual_p00
EFTA00010025,0,37,3502-037,2021.11.07,Notes,,2021.11.09,visual_only_manual_p00
EFTA00010025,0,38,3502-038,2021.11.08,Notes,,2021.11.09,visual_only_manual_p00
EFTA00010025,0,39,3502-039,2021.11.09,Notes,,2021.11.09,visual_only_manual_p00
EFTA00010025,0,40,3503-001,,Curriculum vitae,,2021.09.15,visual_only_manual_p00
EFTA00010025,0,41,3503-002,,31E-NY-3027571,,2021.10.11,visual_only_manual_p00
EFTA00010025,0,42,3503-003,2021.08.25,Notes,,2021.10.11,visual_only_manual_p00
EFTA00010025,0,43,3503-004,2019.08.09,Email,,2021.10.11,visual_only_manual_p00
EFTA00010025,0,44,3503-005,2019.08.20,Email,,2021.10.11,visual_only_manual_p00
EFTA00010025,0,45,3503-006,2019.08.23,Email,,2021.10.11,visual_only_manual_p00
EFTA00010025,0,46,3503-007,2019.09.04,Email,,2021.10.11,visual_only_manual_p00
EFTA00010025,0,47,3503-008,2019.09.09,Email,,2021.10.11,visual_only_manual_p00
EFTA00010025,0,48,3503-009,2019.09.16,Email,,2021.10.11,visual_only_manual_p00
EFTA00010025,0,49,3503-010,2019.09.30,Email,,2021.10.11,visual_only_manual_p00
EFTA00010025,0,50,3503-011,2019.10.21,Email,,2021.10.11,visual_only_manual_p00
EFTA00010025,0,51,3503-012,2019.11.12,Email,,2021.10.11,visual_only_manual_p00
EFTA00010025,0,52,3503-013,2020.02.10,Email,,2021.10.11,visual_only_manual_p00
EFTA00010025,0,53,3503-014,2020.03.02,Email,,2021.10.11,visual_only_manual_p00
EFTA00010025,0,54,3503-015,2020.03.03,Email,,2021.10.11,visual_only_manual_p00
EFTA00010025,0,55,3503-016,2020.03.04,Email,,2021.10.11,visual_only_manual_p00
EFTA00010025,0,56,3503-017,,Attachment to email,,2021.10.11,visual_only_manual_p00
EFTA00010025,0,57,3503-018,2020.03.18,Email,,2021.10.11,visual_only_manual_p00
EFTA00010025,0,58,3503-019,2020.03.31,Email,,2021.10.11,visual_only_manual_p00
EFTA00010025,0,59,3503-020,2020.04.07,Email,,2021.10.11,visual_only_manual_p00
EFTA00010025,0,60,3503-021,2020.05.12,Email,,2021.10.11,visual_only_manual_p00
EFTA00010025,0,61,3503-022,2020.05.14,Email,,2021.10.11,visual_only_manual_p00
EFTA00010025,0,62,3503-023,,Attachment to email,,2021.10.11,visual_only_manual_p00
EFTA00010025,0,63,3503-024,2020.05.29,Email,,2021.10.11,visual_only_manual_p00
EFTA00010025,0,64,3503-025,,Attachment to email,,2021.10.11,visual_only_manual_p00
EFTA00010025,0,65,3503-026,2020.06.17,Email,,2021.10.11,visual_only_manual_p00
EFTA00010025,0,66,3503-027,2020.06.17,Email,,2021.10.11,visual_only_manual_p00
EFTA00010025,0,67,3503-028,2020.06.19,Email,,2021.10.11,visual_only_manual_p00
EFTA00010025,0,68,3503-029,2020.06.19,Email,,2021.10.11,visual_only_manual_p00
EFTA00010025,0,69,3503-030,2020.06.20,Email,,2021.10.11,visual_only_manual_p00
EFTA00010025,0,70,3503-031,2020.06.23,Email,,2021.10.11,visual_only_manual_p00
EFTA00010025,0,71,3503-032,,Attachment to email,,2021.10.11,visual_only_manual_p00
EFTA00010025,0,72,3503-033,2020.07.07,Email,,2021.10.11,visual_only_manual_p00
EFTA00010025,0,73,3503-034,2020.07.07,Email,,2021.10.11,visual_only_manual_p00
EFTA00010025,1,74,3503-035,2020.07.13,Email,,2021.10.11,visual_only_manual_p01
EFTA00010025,1,75,3503-036,,Attachment to email,,2021.10.11,visual_only_manual_p01
EFTA00010025,1,76,3503-037,2020.07.13,Email,,2021.10.11,visual_only_manual_p01
EFTA00010025,1,77,3503-038,,Attachment to email,,2021.10.11,visual_only_manual_p01
EFTA00010025,1,78,3503-039,2020.07.13,Attachment to email,,2021.10.11,visual_only_manual_p01
EFTA00010025,1,79,3503-040,2020.07.13,Email,,2021.10.11,visual_only_manual_p01
EFTA00010025,1,80,3503-041,2020.07.13,Email,,2021.10.11,visual_only_manual_p01
EFTA00010025,1,81,3503-042,2020.07.14,Email,,2021.10.11,visual_only_manual_p01
EFTA00010025,1,82,3503-043,2020.07.14,Email,,2021.10.11,visual_only_manual_p01
EFTA00010025,1,83,3503-044,2020.07.14,Email,,2021.10.11,visual_only_manual_p01
EFTA00010025,1,84,3503-045,2020.07.15,Email,,2021.10.11,visual_only_manual_p01
EFTA00010025,1,85,3503-046,2020.07.15,Email,,2021.10.11,visual_only_manual_p01
EFTA00010025,1,86,3503-047,2020.07.20,Email,,2021.10.11,visual_only_manual_p01
EFTA00010025,1,87,3503-048,,Attachment to email,,2021.10.11,visual_only_manual_p01
EFTA00010025,1,88,3503-049,2020.07.20,Email,,2021.10.11,visual_only_manual_p01
EFTA00010025,1,89,3503-050,2020.07.21,Email,,2021.10.11,visual_only_manual_p01
EFTA00010025,1,90,3503-051,2020.07.22,Email,,2021.10.11,visual_only_manual_p01
EFTA00010025,1,91,3503-052,2020.07.23,Email,,2021.10.11,visual_only_manual_p01
EFTA00010025,1,92,3503-053,2020.07.23,Attachment to email,,2021.10.11,visual_only_manual_p01
EFTA00010025,1,93,3503-054,2020.07.23,Email,,2021.10.11,visual_only_manual_p01
EFTA00010025,1,94,3503-055,,Attachment to email,,2021.10.11,visual_only_manual_p01
EFTA00010025,1,95,3503-056,2020.07.24,Email,,2021.10.11,visual_only_manual_p01
EFTA00010025,1,96,3503-057,,Attachment to email,,2021.10.11,visual_only_manual_p01
EFTA00010025,1,97,3503-058,2020.07.24,Email,,2021.10.11,visual_only_manual_p01
EFTA00010025,1,98,3503-059,2020.07.26,Email,,2021.10.11,visual_only_manual_p01
EFTA00010025,1,99,3503-060,2020.07.27,Email,,2021.10.11,visual_only_manual_p01
EFTA00010025,1,100,3503-061,2020.07.27,Email,,2021.10.11,visual_only_manual_p01
EFTA00010025,1,101,3503-062,2020.07.27,Email,,2021.10.11,visual_only_manual_p01
EFTA00010025,1,102,3503-063,2020.07.28,Email,,2021.10.11,visual_only_manual_p01
EFTA00010025,1,103,3503-064,2020.07.28,Email,,2021.10.11,visual_only_manual_p01
EFTA00010025,1,104,3503-065,2020.08.03,Email,,2021.10.11,visual_only_manual_p01
EFTA00010025,1,105,3503-066,2020.08.04,Email,,2021.10.11,visual_only_manual_p01
EFTA00010025,1,106,3503-067,,Attachment to email,,2021.10.11,visual_only_manual_p01
EFTA00010025,1,107,3503-068,2020.08.04,Email,,2021.10.11,visual_only_manual_p01
EFTA00010025,1,108,3503-069,2020.08.19,Email,,2021.10.11,visual_only_manual_p01
EFTA00010025,1,109,3503-070,2020.10.02,Email,,2021.10.11,visual_only_manual_p01
EFTA00010025,1,110,3503-071,,Attachment to email,,2021.10.11,visual_only_manual_p01
EFTA00010025,1,111,3503-072,,Attachment to email,,2021.10.11,visual_only_manual_p01
EFTA00010025,1,112,3503-073,2020.10.05,Email,,2021.10.11,visual_only_manual_p01
EFTA00010025,1,113,3503-074,2020.10.08,Email,,2021.10.11,visual_only_manual_p01
EFTA00010025,1,114,3503-075,2020.10.08,Email,,2021.10.11,visual_only_manual_p01
EFTA00010025,1,115,3503-076,2020.10.09,Email,,2021.10.11,visual_only_manual_p01
EFTA00010025,1,116,3503-077,2020.10.09,Email,,2021.10.11,visual_only_manual_p01
EFTA00010025,1,117,3503-078,2020.10.12,Email,,2021.10.11,visual_only_manual_p01
EFTA00010025,1,118,3503-079,2020.10.13,Email,,2021.10.11,visual_only_manual_p01
EFTA00010025,1,119,3503-080,2020.10.14,Email,,2021.10.11,visual_only_manual_p01
EFTA00010025,1,120,3503-081,2020.10.15,Email,,2021.10.11,visual_only_manual_p01
EFTA00010025,1,121,3503-082,2020.10.16,Email,,2021.10.11,visual_only_manual_p01
EFTA00010025,1,122,3503-083,2020.10.16,Email,,2021.10.11,visual_only_manual_p01
EFTA00010025,1,123,3503-084,2020.10.16,Email,,2021.10.11,visual_only_manual_p01
EFTA00010025,1,124,3503-085,2020.10.19,Email,,2021.10.11,visual_only_manual_p01
EFTA00010025,1,125,3503-086,2020.10.19,Email,,2021.10.11,visual_only_manual_p01
EFTA00010025,1,126,3503-087,2020.10.20,Email,,2021.10.11,visual_only_manual_p01
EFTA00010025,1,127,3503-088,2020.10.21,Email,,2021.10.11,visual_only_manual_p01
EFTA00010025,1,128,3503-089,2020.10.21,Email,,2021.10.11,visual_only_manual_p01
EFTA00010025,1,129,3503-090,2020.10.23,Email,,2021.10.11,visual_only_manual_p01
EFTA00010025,1,130,3503-091,2020.10.26,Email,,2021.10.11,visual_only_manual_p01
EFTA00010025,1,131,3503-092,,Attachment to email,,2021.10.11,visual_only_manual_p01
EFTA00010025,1,132,3503-093,2020.10.26,Email,,2021.10.11,visual_only_manual_p01
EFTA00010025,1,133,3503-094,,Attachment to email,,2021.10.11,visual_only_manual_p01
EFTA00010025,1,134,3503-095,2020.10.26,Email,,2021.10.11,visual_only_manual_p01
EFTA00010025,1,135,3503-096,,Attachment to email,,2021.10.11,visual_only_manual_p01
EFTA00010025,1,136,3503-097,2020.10.26,Email,,2021.10.11,visual_only_manual_p01
EFTA00010025,1,137,3503-098,,Attachment to email,,2021.10.11,visual_only_manual_p01
EFTA00010025,1,138,3503-099,,Attachment to email,,2021.10.11,visual_only_manual_p01
EFTA00010025,1,139,3503-100,,Attachment to email,,2021.10.11,visual_only_manual_p01
EFTA00010025,1,140,3503-101,,Attachment to email,,2021.10.11,visual_only_manual_p01
EFTA00010025,1,141,3503-102,2020.10.26,Email,,2021.10.11,visual_only_manual_p01
EFTA00010025,1,142,3503-103,,Attachment to email,,2021.10.11,visual_only_manual_p01
EFTA00010025,1,143,3503-104,,Attachment to email,,2021.10.11,visual_only_manual_p01
EFTA00010025,1,144,3503-105,2020.10.27,Email,,2021.10.11,visual_only_manual_p01
EFTA00010025,1,145,3503-106,2020.10.27,Email,,2021.10.11,visual_only_manual_p01
EFTA00010025,1,146,3503-107,2020.10.29,Email,,2021.10.11,visual_only_manual_p01
EFTA00010025,1,147,3503-108,2021.04.30,Email,,2021.10.11,visual_only_manual_p01
EFTA00010025,1,148,3504-001,2003.10.05,Palm Beach Police Report,,2021.10.11,visual_only_manual_p01
EFTA00010025,1,149,3504-002,2003.10.05,Palm Beach Police Report,,2021.10.11,visual_only_manual_p01
EFTA00010025,1,150,3504-003,2005.11.09,Palm Beach Police Report,,2021.10.11,visual_only_manual_p01
EFTA00010025,1,151,3504-004,2005.11.10,Palm Beach Police Report,,2021.10.11,visual_only_manual_p01
EFTA00010025,1,152,3504-005,2005.11.10,PBPD recording,,2021.10.11,visual_only_manual_p01
EFTA00010025,2,153,3504-006,2005.11.10,Letter,,2021.10.11,visual_only_manual_p02
EFTA00010025,2,154,3504-007,2005.11.17,Driver information,,2021.10.11,visual_only_manual_p02
EFTA00010025,2,155,3504-008,2005.11.21,Palm Beach Police Report,,2021.10.11,visual_only_manual_p02
EFTA00010025,2,156,3504-009,2005.11.21,[redacted] sworn statement,,2021.10.11,visual_only_manual_p02
EFTA00010025,2,157,3504-010,2005.11.21,[redacted] sworn statement,,2021.10.11,visual_only_manual_p02
EFTA00010025,2,158,3504-011,2005.11.21,[redacted] sworn statement,,2021.10.11,visual_only_manual_p02
EFTA00010025,2,159,3504-012,2006.05.01,Palm Beach Police Report,,2021.10.11,visual_only_manual_p02
EFTA00010025,2,160,3504-013,2006.05.01,Palm Beach Police Report,,2021.10.11,visual_only_manual_p02
EFTA00010025,2,161,3504-014,2006.05.01,Palm Beach Police Report,,2021.10.11,visual_only_manual_p02
EFTA00010025,2,162,3504-015,2006.09.26,Palm Beach Police Report,,2021.10.11,visual_only_manual_p02
EFTA00010025,2,163,3504-016,2006.10.20,Memorandum,,2021.10.11,visual_only_manual_p02
EFTA00010025,2,164,3504-017,2006.12.04,Driver information,,2021.10.11,visual_only_manual_p02
EFTA00010025,2,165,3504-018,2006.12.04,Criminal history check,,2021.10.11,visual_only_manual_p02
EFTA00010025,2,166,3504-019,2007.02.01,Letter,,2021.10.11,visual_only_manual_p02
EFTA00010025,2,167,3504-020,2007.12.11,Letter,,2021.10.11,visual_only_manual_p02
EFTA00010025,2,168,3504-021,2009.09.08,"Deposition, Volume I",,2021.10.11,visual_only_manual_p02
EFTA00010025,2,169,3504-022,2009.09.08,"Deposition, Volume II",,2021.10.11,visual_only_manual_p02
EFTA00010025,2,170,3504-023,2016.06.01,Deposition Exhibit 1,,2021.10.11,visual_only_manual_p02
EFTA00010025,2,171,3504-024,2016.06.01,Deposition Exhibit 2,,2021.10.11,visual_only_manual_p02
EFTA00010025,2,172,3504-025,2016.06.01,Deposition Exhibit 3,,2021.10.11,visual_only_manual_p02
EFTA00010025,2,173,3504-026,2016.06.01,Deposition Exhibit 4,,2021.10.11,visual_only_manual_p02
EFTA00010025,2,174,3504-027,2016.06.01,Deposition Exhibit 5,,2021.10.11,visual_only_manual_p02
EFTA00010025,2,175,3504-028,2016.06.01,Deposition Exhibit 6,,2021.10.11,visual_only_manual_p02
EFTA00010025,2,176,3504-029,2016.06.01,Deposition Exhibit 7,,2021.10.11,visual_only_manual_p02
EFTA00010025,2,177,3504-030,2016.06.01,Deposition transcript,,2021.10.11,visual_only_manual_p02
EFTA00010025,2,178,3504-031,2016.09.15,Sworn Affidavit,,2021.10.11,visual_only_manual_p02
EFTA00010025,2,179,3504-032,2019.07.13,Interview 302,,2021.10.11,visual_only_manual_p02
EFTA00010025,2,180,3504-033,2019.07.13,Notes,,2021.10.11,visual_only_manual_p02
EFTA00010025,2,181,3504-034,2020.02.19,Interview 302,,2021.10.11,visual_only_manual_p02
EFTA00010025,2,182,3504-035,2020.02.19,Notes,,2021.10.11,visual_only_manual_p02
EFTA00010025,2,183,3504-036,2020.06.28,Grand jury transcript,,2021.10.11,visual_only_manual_p02
EFTA00010025,2,184,3504-037,2020.09.28,Notes,,2021.10.11,visual_only_manual_p02
EFTA00010025,2,185,3504-038,2021.03.29,Grand jury transcript,,2021.10.11,visual_only_manual_p02
EFTA00010025,2,186,3504-039,2021.06.08,Notes,,2021.10.11,visual_only_manual_p02
EFTA00010025,2,187,3504-040,2021.06.24,Notes,,2021.10.11,visual_only_manual_p02
EFTA00010025,2,188,3504-041,2021.07.14,Notes,,2021.10.11,visual_only_manual_p02
EFTA00010025,2,189,3504-042,,Criminal history check,,2021.10.11,visual_only_manual_p02
EFTA00010025,2,190,3504-043,,Criminal history check,,2021.10.11,visual_only_manual_p02
EFTA00010025,2,191,3504-044,2021.11.11,Notes,,2021.11.11,visual_only_manual_p02
EFTA00010025,2,192,3505-001,2006.12.14,Driver information,,2021.10.11,visual_only_manual_p02
EFTA00010025,2,193,3505-002,2007.05.08,Transcript,,2021.10.11,visual_only_manual_p02
EFTA00010025,2,194,3505-003,2007.06.07,Letter,,2021.10.11,visual_only_manual_p02
EFTA00010025,2,195,3505-004,2007.07.03,Driver information,,2021.10.11,visual_only_manual_p02
EFTA00010025,2,196,3505-005,2007.08.07,Interview 302,,2021.10.11,visual_only_manual_p02
EFTA00010025,2,197,3505-006,2007.08.07,Notes,,2021.10.11,visual_only_manual_p02
EFTA00010025,2,198,3505-007,2007.08.07,Property receipt,,2021.10.11,visual_only_manual_p02
EFTA00010025,2,199,3505-008,2007.08.28,Declaration,,2021.10.11,visual_only_manual_p02
EFTA00010025,2,200,3505-009,2007.09.07,Driver information,,2021.10.11,visual_only_manual_p02
EFTA00010025,2,201,3505-010,2007.09.07,Criminal history check,,2021.10.11,visual_only_manual_p02
EFTA00010025,2,202,3505-011,2007.09.07,Driver information,,2021.10.11,visual_only_manual_p02
EFTA00010025,2,203,3505-012,2007.09.07,Criminal history check,,2021.10.11,visual_only_manual_p02
EFTA00010025,2,204,3505-013,2007.09.07,Criminal history check,,2021.10.11,visual_only_manual_p02
EFTA00010025,2,205,3505-014,2007.09.07,Search records,,2021.10.11,visual_only_manual_p02
EFTA00010025,2,206,3505-015,2007.09.07,Criminal history check,,2021.10.11,visual_only_manual_p02
EFTA00010025,2,207,3505-016,2007.09.07,Criminal history check,,2021.10.11,visual_only_manual_p02
EFTA00010025,2,208,3505-017,2008.01.10,Letter,,2021.10.11,visual_only_manual_p02
EFTA00010025,2,209,3505-018,2008.03.18,Transcript,,2021.10.11,visual_only_manual_p02
EFTA00010025,2,210,3505-019,2008.06.19,Starr submission to DAG,,2021.10.11,visual_only_manual_p02
EFTA00010025,2,211,3505-020,2008.06.30,Letter,,2021.10.11,visual_only_manual_p02
EFTA00010025,2,212,3505-021,2008.07.10,Letter,,2021.10.11,visual_only_manual_p02
EFTA00010025,2,213,3505-022,2008.07.10,Letter,,2021.10.11,visual_only_manual_p02
EFTA00010025,2,214,3505-023,2008.09.02,Letter,,2021.10.11,visual_only_manual_p02
EFTA00010025,2,215,3505-024,2008.12.05,Letter,,2021.10.11,visual_only_manual_p02
EFTA00010025,2,216,3505-025,2009.02.09,Complaint,,2021.10.11,visual_only_manual_p02
EFTA00010025,2,217,3505-026,2009.02.13,Plaintiff response,,2021.10.11,visual_only_manual_p02
EFTA00010025,2,218,3505-027,2009.03.23,Plaintiff notice,,2021.10.11,visual_only_manual_p02
EFTA00010025,2,219,3505-028,2009.06.17,Letter,,2021.10.11,visual_only_manual_p02
EFTA00010025,2,220,3505-029,2009.06.17,Letter,,2021.10.11,visual_only_manual_p02
EFTA00010025,2,221,3505-030,2009.08.13,Transcript,,2021.10.11,visual_only_manual_p02
EFTA00010025,2,222,3505-031,2009.08.31,Transcript,,2021.10.11,visual_only_manual_p02
EFTA00010025,2,223,3505-032,2009.08.31,Summary report,,2021.10.11,visual_only_manual_p02
EFTA00010025,2,224,3505-033,2009.09.10,Medical records,,2021.10.11,visual_only_manual_p02
EFTA00010025,2,225,3505-034,2009.10.20,Questionnaire,,2021.10.11,visual_only_manual_p02
EFTA00010025,2,226,3505-035,2009.10.21,Transcript,,2021.10.11,visual_only_manual_p02
EFTA00010025,2,227,3505-036,2009.10.21,Medical examination,,2021.10.11,visual_only_manual_p02
EFTA00010025,2,228,3505-037,2009.10.24,Notes,,2021.10.11,visual_only_manual_p02
EFTA00010025,2,229,3505-038,2009.11.06,Plaintiff's Notice,,2021.10.11,visual_only_manual_p02
EFTA00010025,2,230,3505-039,2009.11.09,Medical records,,2021.10.11,visual_only_manual_p02
EFTA00010025,2,231,3505-040,2009.11.13,Medical report,,2021.10.11,visual_only_manual_p02
EFTA00010025,3,232,3505-041,2009.12.02,Plaintiff's Notice,,2021.10.11,visual_only_manual_p03
EFTA00010025,3,233,3505-042,2009.12.03,Response,,2021.10.11,visual_only_manual_p03
EFTA00010025,3,234,3505-043,2009.12.04,Deposition,,2021.10.11,visual_only_manual_p03
EFTA00010025,3,235,3505-044,2009.12.04,Deposition,,2021.10.11,visual_only_manual_p03
EFTA00010025,3,236,3505-045,2009.12.04,Deposition Exhibit,,2021.10.11,visual_only_manual_p03
EFTA00010025,3,237,3505-046,2009.12.04,Deposition Exhibit,,2021.10.11,visual_only_manual_p03
EFTA00010025,3,238,3505-047,2009.12.04,Deposition Exhibit,,2021.10.11,visual_only_manual_p03
EFTA00010025,3,239,3505-048,2009.12.09,Notes,,2021.10.11,visual_only_manual_p03
EFTA00010025,3,240,3505-049,2009.12.18,Settlement Resolution Notice,,2021.10.11,visual_only_manual_p03
EFTA00010025,3,241,3505-050,2010.10.14,Arrest report,,2021.10.11,visual_only_manual_p03
EFTA00010025,3,242,3505-051,2011.03.12,FBI Report,,2021.10.11,visual_only_manual_p03
EFTA00010025,3,243,3505-052,2011.03.12,FBI Report,,2021.10.11,visual_only_manual_p03
EFTA00010025,3,244,3505-053,2011.04.20,Arrest report,,2021.10.11,visual_only_manual_p03
EFTA00010025,3,245,3505-054,2011.11.16,Arrest report,,2021.10.11,visual_only_manual_p03
EFTA00010025,3,246,3505-055,2012.02.28,Arrest report,,2021.10.11,visual_only_manual_p03
EFTA00010025,3,247,3505-056,2012.09.30,Arrest report,,2021.10.11,visual_only_manual_p03
EFTA00010025,3,248,3505-057,2013.03.07,Arrest report,,2021.10.11,visual_only_manual_p03
EFTA00010025,3,249,3505-058,2014.02.26,Transcript,,2021.10.11,visual_only_manual_p03
EFTA00010025,3,250,3505-059,2019.03.19,Interview 302,,2021.10.11,visual_only_manual_p03
EFTA00010025,3,251,3505-060,2019.03.19,Notes,,2021.10.11,visual_only_manual_p03
EFTA00010025,3,252,3505-061,2019.07.23,Email,,2021.10.11,visual_only_manual_p03
EFTA00010025,3,253,3505-062,2019.08.07,Email,,2021.10.11,visual_only_manual_p03
EFTA00010025,3,254,3505-063,2019.08.23,Email,,2021.10.11,visual_only_manual_p03
EFTA00010025,3,255,3505-064,2020.02.25,Email,,2021.10.11,visual_only_manual_p03
EFTA00010025,3,256,3505-065,2020.03.10,Email,,2021.10.11,visual_only_manual_p03
EFTA00010025,3,257,3505-066,2020.07.07,Email,,2021.10.11,visual_only_manual_p03
EFTA00010025,3,258,3505-067,2020.07.16,Email,,2021.10.11,visual_only_manual_p03
EFTA00010025,3,259,3505-068,2020.07.17,Interview 302,,2021.10.11,visual_only_manual_p03
EFTA00010025,3,260,3505-069,2020.07.17,Notes,,2021.10.11,visual_only_manual_p03
EFTA00010025,3,261,3505-070,2020.07.17,Email,,2021.10.11,visual_only_manual_p03
EFTA00010025,3,262,3505-071,,Attachment to email,,2021.10.11,visual_only_manual_p03
EFTA00010025,3,263,3505-072,,Attachment to email,,2021.10.11,visual_only_manual_p03
EFTA00010025,3,264,3505-073,2020.08.11,Notes,,2021.10.11,visual_only_manual_p03
EFTA00010025,3,265,3505-074,2020.08.11,Interview 302,,2021.10.11,visual_only_manual_p03
EFTA00010025,3,266,3505-075,2020.08.11,Notes,,2021.10.11,visual_only_manual_p03
EFTA00010025,3,267,3505-076,2021.01.19,Interview 302,,2021.10.11,visual_only_manual_p03
EFTA00010025,3,268,3505-077,2021.01.19,Notes,,2021.10.11,visual_only_manual_p03
EFTA00010025,3,269,3505-078,2021.01.20,Criminal history check,,2021.10.11,visual_only_manual_p03
EFTA00010025,3,270,3505-079,2021.01.20,Interview 302,,2021.10.11,visual_only_manual_p03
EFTA00010025,3,271,3505-080,2021.01.20,Notes,,2021.10.11,visual_only_manual_p03
EFTA00010025,3,272,3505-081,2021.01.21,Interview 302,,2021.10.11,visual_only_manual_p03
EFTA00010025,3,273,3505-082,2021.01.21,Notes,,2021.10.11,visual_only_manual_p03
EFTA00010025,3,274,3505-083,2021.01.21,Exhibit to notes,,2021.10.11,visual_only_manual_p03
EFTA00010025,3,275,3505-084,2021.01.28,Email,,2021.10.11,visual_only_manual_p03
EFTA00010025,3,276,3505-085,2021.03.29,Grand Jury presentation,,2021.10.11,visual_only_manual_p03
EFTA00010025,3,277,3505-086,2021.03.29,Transcript,,2021.10.11,visual_only_manual_p03
EFTA00010025,3,278,3505-087,2021.04.18,Email,,2021.10.11,visual_only_manual_p03
EFTA00010025,3,279,3505-088,2021.06.07,Notes,,2021.10.11,visual_only_manual_p03
EFTA00010025,3,280,3505-089,2021.06.09,Notes,,2021.10.11,visual_only_manual_p03
EFTA00010025,3,281,3505-090,2021.06.23,Notes,,2021.10.11,visual_only_manual_p03
EFTA00010025,3,282,3505-091,2021.06.24,Notes,,2021.10.11,visual_only_manual_p03
EFTA00010025,3,283,3505-092,2021.07.13,Notes,,2021.10.11,visual_only_manual_p03
EFTA00010025,3,284,3505-093,2021.08.16,Notes,,2021.10.11,visual_only_manual_p03
EFTA00010025,3,285,3505-094,2021.08.19,Email,,2021.10.11,visual_only_manual_p03
EFTA00010025,3,286,3505-095,2021.08.19,Text message,,2021.10.11,visual_only_manual_p03
EFTA00010025,3,287,3505-096,2021.08.19,Text message,,2021.10.11,visual_only_manual_p03
EFTA00010025,3,288,3505-097,2021.08.26,Notes,,2021.10.11,visual_only_manual_p03
EFTA00010025,3,289,3505-098,,Notes,,2021.10.11,visual_only_manual_p03
EFTA00010025,3,290,3505-099,,Notes,,2021.10.11,visual_only_manual_p03
EFTA00010025,3,291,3505-100,,Answers to interrogatories,,2021.10.11,visual_only_manual_p03
EFTA00010025,3,292,3505-101,,Criminal history check,,2021.10.11,visual_only_manual_p03
EFTA00010025,3,293,3505-102,,Criminal history check,,2021.10.11,visual_only_manual_p03
EFTA00010025,3,294,3505-103,,Plaintiff's Response,,2021.10.11,visual_only_manual_p03
EFTA00010025,3,295,3505-104,,Plaintiff's Notice,,2021.10.11,visual_only_manual_p03
EFTA00010025,3,296,3505-105,,Photographs,,2021.10.11,visual_only_manual_p03
EFTA00010025,3,297,3505-106,,Answers to interrogatories,,2021.10.11,visual_only_manual_p03
EFTA00010025,3,298,3505-107,,Criminal history check,,2021.10.11,visual_only_manual_p03
EFTA00010025,3,299,3505-108,2021.10.27,Notes,,2021.11.06,visual_only_manual_p03
EFTA00010025,3,300,3505-109,2021.10.15,Voicemail,,2021.11.06,visual_only_manual_p03
EFTA00010025,3,301,3505-001,2009.11.06,Deposition transcript,,2021.10.11,visual_only_manual_p03
EFTA00010025,3,302,3505-002,2021.06.23,Interview 302,,2021.10.11,visual_only_manual_p03
EFTA00010025,3,303,3505-003,2021.06.23,Exhibit to notes,,2021.10.11,visual_only_manual_p03
EFTA00010025,3,304,3505-004,2021.06.23,Notes,,2021.10.11,visual_only_manual_p03
EFTA00010025,3,305,3505-005,2021.07.13,Notes,,2021.10.11,visual_only_manual_p03
EFTA00010025,3,306,3505-006,2021.07.15,Notes,,2021.10.11,visual_only_manual_p03
EFTA00010025,3,307,3505-007,2021.08.24,Text messages,,2021.10.11,visual_only_manual_p03
EFTA00010025,3,308,3505-008,2021.08.24,Text messages,,2021.10.11,visual_only_manual_p03
EFTA00010025,3,309,3505-009,2021.08.27,Notes,,2021.10.11,visual_only_manual_p03
EFTA00010025,4,310,3505-010,,Criminal history check,,2021.10.11,visual_only_manual_p04
EFTA00010025,4,311,3505-011,,Criminal history check,,2021.10.11,visual_only_manual_p04
EFTA00010025,4,312,3505-012,,Criminal history check,,2021.10.11,visual_only_manual_p04
EFTA00010025,4,313,3505-013,,Criminal history check,,2021.10.11,visual_only_manual_p04
EFTA00010025,4,314,3505-014,,Text messages,,2021.10.11,visual_only_manual_p04
EFTA00010025,4,315,3507-001,2006.01.11,Memorandum,,2021.10.11,visual_only_manual_p04
EFTA00010025,4,316,3507-002,2006.07.13,Palm Beach Police Report,,2021.10.11,visual_only_manual_p04
EFTA00010025,4,317,3507-003,2006.12.04,Criminal history check,,2021.10.11,visual_only_manual_p04
EFTA00010025,4,318,3507-004,2007.01.11,Interview 302,,2021.10.11,visual_only_manual_p04
EFTA00010025,4,319,3507-005,2007.01.19,Memorandum,,2021.10.11,visual_only_manual_p04
EFTA00010025,4,320,3507-006,2007.02.02,Interview 302,,2021.10.11,visual_only_manual_p04
EFTA00010025,4,321,3507-007,2007.02.02,Notes,,2021.10.11,visual_only_manual_p04
EFTA00010025,4,322,3507-008,2007.02.02,Exhibit to notes,,2021.10.11,visual_only_manual_p04
EFTA00010025,4,323,3507-009,2007.05.22,Transcript,,2021.10.11,visual_only_manual_p04
EFTA00010025,4,324,3507-010,2007.07.30,Declaration,,2021.10.11,visual_only_manual_p04
EFTA00010025,4,325,3507-011,2010.02.16,Transcript,,2021.10.11,visual_only_manual_p04
EFTA00010025,4,326,3507-012,2021.09.27,Interview 302,,2021.10.11,visual_only_manual_p04
EFTA00010025,4,327,3507-013,2021.09.27,Notes,,2021.10.11,visual_only_manual_p04
EFTA00010025,4,328,3507-014,,Criminal history check,,2021.10.11,visual_only_manual_p04
EFTA00010025,4,329,3507-015,,Criminal history check,,2021.10.11,visual_only_manual_p04
EFTA00010025,4,330,3507-016,,Notes,,2021.11.06,visual_only_manual_p04
EFTA00010025,4,331,3507-017,2021.10.19,Interview 302,,2021.11.11,visual_only_manual_p04
EFTA00010025,4,332,3508-001,2021.09.02,Interview 302,,2021.10.11,visual_only_manual_p04
EFTA00010025,4,333,3508-002,2021.09.02,Notes,,2021.10.11,visual_only_manual_p04
EFTA00010025,4,334,3508-003,2021.10.18,Notes,,2021.10.25,visual_only_manual_p04
EFTA00010025,4,335,3509-001,2019.09.19,Interview 302,,2021.10.11,visual_only_manual_p04
EFTA00010025,4,336,3509-002,2019.09.19,Notes,,2021.10.11,visual_only_manual_p04
EFTA00010025,4,337,3509-003,2019.11.14,Interview 302,,2021.10.11,visual_only_manual_p04
EFTA00010025,4,338,3509-004,2019.11.14,Notes,,2021.10.11,visual_only_manual_p04
EFTA00010025,4,339,3509-005,2019.12.17,Interview 302,,2021.10.11,visual_only_manual_p04
EFTA00010025,4,340,3509-006,2019.12.17,Notes,,2021.10.11,visual_only_manual_p04
EFTA00010025,4,341,3509-007,2020.01.17,Complaint,,2021.10.11,visual_only_manual_p04
EFTA00010025,4,342,3509-008,2020.02.27,Interview 302,,2021.10.11,visual_only_manual_p04
EFTA00010025,4,343,3509-009,2020.02.27,Notes,,2021.10.11,visual_only_manual_p04
EFTA00010025,4,344,3509-010,2020.03.20,Email,,2021.10.11,visual_only_manual_p04
EFTA00010025,4,345,3509-011,2020.04.03,Notes,,2021.10.11,visual_only_manual_p04
EFTA00010025,4,346,3509-012,2020.06.03,Email,,2021.10.11,visual_only_manual_p04
EFTA00010025,4,347,3509-013,2020.06.08,Email,,2021.10.11,visual_only_manual_p04
EFTA00010025,4,348,3509-014,2020.06.08,Email,,2021.10.11,visual_only_manual_p04
EFTA00010025,4,349,3509-015,2020.06.26,Email,,2021.10.11,visual_only_manual_p04
EFTA00010025,4,350,3509-016,2020.06.28,Transcript,,2021.10.11,visual_only_manual_p04
EFTA00010025,4,351,3509-017,2020.07.12,Email,,2021.10.11,visual_only_manual_p04
EFTA00010025,4,352,3509-018,2020.08.03,Email,,2021.10.11,visual_only_manual_p04
EFTA00010025,4,353,3509-019,2020.08.03,Email,,2021.10.11,visual_only_manual_p04
EFTA00010025,4,354,3509-020,2021.03.23,Interview 302,,2021.10.11,visual_only_manual_p04
EFTA00010025,4,355,3509-021,2021.03.23,Notes,,2021.10.11,visual_only_manual_p04
EFTA00010025,4,356,3509-022,2021.08.17,Notes,,2021.10.11,visual_only_manual_p04
EFTA00010025,4,357,3509-023,2021.09.02,Interview 302,,2021.10.11,visual_only_manual_p04
EFTA00010025,4,358,3509-024,2021.09.02,Notes,,2021.10.11,visual_only_manual_p04
EFTA00010025,4,359,3509-025,2021.09.14,Notes,,2021.10.11,visual_only_manual_p04
EFTA00010025,4,360,3509-026,2021.10.21,Notes,,2021.10.11,visual_only_manual_p04
EFTA00010025,4,361,3509-027,,Text messages,,2021.10.11,visual_only_manual_p04
EFTA00010025,4,362,3509-028,2021.10.13,Notes,,2021.10.25,visual_only_manual_p04
EFTA00010025,4,363,3509-029,2021.10.14,Notes,,2021.10.25,visual_only_manual_p04
EFTA00010025,4,364,3509-030,2021.08.18,Email,,2021.11.06,visual_only_manual_p04
EFTA00010025,4,365,3509-031,2021.10.27,Documentation of services,,2021.11.06,visual_only_manual_p04
EFTA00010025,4,366,3509-032,2021.11.01,Notes,,2021.11.06,visual_only_manual_p04
EFTA00010025,4,367,3509-033,2021.11.03,Notes,,2021.11.06,visual_only_manual_p04
EFTA00010025,4,368,3509-034,,Notes,,2021.11.06,visual_only_manual_p04
EFTA00010025,4,369,3509-035,,Notes,,2021.11.06,visual_only_manual_p04
EFTA00010025,4,370,3510-001,2020.01.14,Interview 302,,2021.10.11,visual_only_manual_p04
EFTA00010025,4,371,3510-002,2020.01.14,Notes,,2021.10.11,visual_only_manual_p04
EFTA00010025,4,372,3510-003,2020.06.28,Grand jury transcript,,2021.10.11,visual_only_manual_p04
EFTA00010025,4,373,3510-004,2021.05.03,Notes,,2021.10.11,visual_only_manual_p04
EFTA00010025,4,374,3510-005,2021.08.30,Interview 302,,2021.10.11,visual_only_manual_p04
EFTA00010025,4,375,3510-006,2021.08.30,Notes,,2021.10.11,visual_only_manual_p04
EFTA00010025,4,376,3510-007,2021.08.31,Interview 302,,2021.10.11,visual_only_manual_p04
EFTA00010025,4,377,3510-008,2021.08.31,Notes,,2021.10.11,visual_only_manual_p04
EFTA00010025,4,378,3510-009,2021.09.01,Text messages,,2021.10.11,visual_only_manual_p04
EFTA00010025,4,379,3510-010,,Text messages,,2021.10.11,visual_only_manual_p04
EFTA00010025,5,380,3510-011,,Text messages,,2021.10.11,visual_only_manual_p05
EFTA00010025,5,381,3510-012,2021.11.02,Notes,,2021.11.11,visual_only_manual_p05
EFTA00010025,5,382,3510-013,2021.11.02,302,,2021.11.11,visual_only_manual_p05
EFTA00010025,5,383,3511-001,2021.07.30,Email,,2021.10.11,visual_only_manual_p05
EFTA00010025,5,384,3511-002,2021.08.05,Email,,2021.10.11,visual_only_manual_p05
EFTA00010025,5,385,3511-003,,Attachment to email,,2021.10.11,visual_only_manual_p05
EFTA00010025,5,386,3512-001,2003.10.15,Palm Beach Police Report,,2021.10.11,visual_only_manual_p05
EFTA00010025,5,387,3512-002,,Palm Beach Police Report,,2021.10.11,visual_only_manual_p05
EFTA00010025,5,388,3512-003,,Palm Beach Police Report,,2021.10.11,visual_only_manual_p05
EFTA00010025,5,389,3512-004,2021.05.19,Notes,,2021.10.11,visual_only_manual_p05
EFTA00010025,5,390,3512-005,2021.06.08,Notes,,2021.10.11,visual_only_manual_p05
EFTA00010025,5,391,3512-006,2021.07.13,Notes,,2021.10.11,visual_only_manual_p05
EFTA00010025,5,392,3512-007,2021.11.09,Notes,,2021.11.11,visual_only_manual_p05
EFTA00010025,5,393,3513-001,1995.11.07,Letter,,2021.10.11,visual_only_manual_p05
EFTA00010025,5,394,3513-002,2019.08.27,Interview 302,,2021.10.11,visual_only_manual_p05
EFTA00010025,5,395,3513-003,2019.08.27,Notes,,2021.10.11,visual_only_manual_p05
EFTA00010025,5,396,3513-004,2019.08.27,Transcript,,2021.10.11,visual_only_manual_p05
EFTA00010025,5,397,3513-005,2019.09.19,Interview 302,,2021.10.11,visual_only_manual_p05
EFTA00010025,5,398,3513-006,2019.09.19,Notes,,2021.10.11,visual_only_manual_p05
EFTA00010025,5,399,3513-007,2019.09.20,Email,,2021.10.11,visual_only_manual_p05
EFTA00010025,5,400,3513-008,2019.10.03,FBI Report,,2021.10.11,visual_only_manual_p05
EFTA00010025,5,401,3513-009,2019.12.15,Interview 302,,2021.10.11,visual_only_manual_p05
EFTA00010025,5,402,3513-010,2019.12.15,Notes,,2021.10.11,visual_only_manual_p05
EFTA00010025,5,403,3513-011,2019.12.15,Exhibit to Notes,,2021.10.11,visual_only_manual_p05
EFTA00010025,5,404,3513-012,2019.12.15,Exhibit to Notes,,2021.10.11,visual_only_manual_p05
EFTA00010025,5,405,3513-013,2019.12.15,Exhibit to Notes,,2021.10.11,visual_only_manual_p05
EFTA00010025,5,406,3513-014,2019.12.15,Exhibit to Notes,,2021.10.11,visual_only_manual_p05
EFTA00010025,5,407,3513-015,2019.12.15,Exhibit to Notes,,2021.10.11,visual_only_manual_p05
EFTA00010025,5,408,3513-016,2019.12.15,Exhibit to Notes,,2021.10.11,visual_only_manual_p05
EFTA00010025,5,409,3513-017,2019.12.15,Exhibit to Notes,,2021.10.11,visual_only_manual_p05
EFTA00010025,5,410,3513-018,2019.12.15,Exhibit to Notes,,2021.10.11,visual_only_manual_p05
EFTA00010025,5,411,3513-019,2019.12.15,Exhibit to Notes,,2021.10.11,visual_only_manual_p05
EFTA00010025,5,412,3513-020,2019.12.15,Exhibit to Notes,,2021.10.11,visual_only_manual_p05
EFTA00010025,5,413,3513-021,2019.12.15,Exhibit to Notes,,2021.10.11,visual_only_manual_p05
EFTA00010025,5,414,3513-022,2019.12.27,Email,,2021.10.11,visual_only_manual_p05
EFTA00010025,5,415,3513-023,2019.12.28,Email,,2021.10.11,visual_only_manual_p05
EFTA00010025,5,416,3513-024,2020.06.28,Transcript,,2021.10.11,visual_only_manual_p05
EFTA00010025,5,417,3513-025,2020.07.13,Letter,,2021.10.11,visual_only_manual_p05
EFTA00010025,5,418,3513-026,2020.07.14,Email,,2021.10.11,visual_only_manual_p05
EFTA00010025,5,419,3513-027,2020.07.14,Transcript,,2021.10.11,visual_only_manual_p05
EFTA00010025,5,420,3513-028,2020.12.15,Email,,2021.10.11,visual_only_manual_p05
EFTA00010025,5,421,3513-029,2021.03.29,Transcript,,2021.10.11,visual_only_manual_p05
EFTA00010025,5,422,3513-030,2021.06.30,Criminal history report,,2021.10.11,visual_only_manual_p05
EFTA00010025,5,423,3513-031,2021.07.27,Interview 302,,2021.10.11,visual_only_manual_p05
EFTA00010025,5,424,3513-032,2021.07.27,Notes,,2021.10.11,visual_only_manual_p05
EFTA00010025,5,425,3513-033,2021.07.28,Notes,,2021.10.11,visual_only_manual_p05
EFTA00010025,5,426,3513-034,2021.07.29,Notes,,2021.10.11,visual_only_manual_p05
EFTA00010025,5,427,3513-035,2021.08.24,Notes,,2021.10.11,visual_only_manual_p05
EFTA00010025,5,428,3513-036,2021.08.24,Email,,2021.10.11,visual_only_manual_p05
EFTA00010025,5,429,3513-037,2021.09.01,Interview 302,,2021.10.11,visual_only_manual_p05
EFTA00010025,5,430,3513-038,2021.09.01,Notes,,2021.10.11,visual_only_manual_p05
EFTA00010025,5,431,3513-039,2021.09.01,Exhibit to Notes,,2021.10.11,visual_only_manual_p05
EFTA00010025,5,432,3513-040,2021.09.02,Notes,,2021.10.11,visual_only_manual_p05
EFTA00010025,5,433,3513-041,2021.09.02,Interview 302,,2021.10.11,visual_only_manual_p05
EFTA00010025,5,434,3513-042,2021.09.02,Exhibit to Notes,,2021.10.11,visual_only_manual_p05
EFTA00010025,5,435,3513-043,2021.09.02,Exhibit to Notes,,2021.10.11,visual_only_manual_p05
EFTA00010025,5,436,3513-044,2021.09.02,Exhibit to Notes,,2021.10.11,visual_only_manual_p05
EFTA00010025,5,437,3513-045,2021.09.03,Notes,,2021.10.11,visual_only_manual_p05
EFTA00010025,5,438,3513-046,2021.10.06,Criminal history report,,2021.10.11,visual_only_manual_p05
EFTA00010025,5,439,3513-047,,NYS OVS Application,,2021.10.11,visual_only_manual_p05
EFTA00010025,5,440,3513-048,,NYS OVS Application,,2021.10.11,visual_only_manual_p05
EFTA00010025,5,441,3513-049,,NYS OVS Application,,2021.10.11,visual_only_manual_p05
EFTA00010025,5,442,3513-050,,Text messages,,2021.10.11,visual_only_manual_p05
EFTA00010025,5,443,3513-051,,Text messages,,2021.10.11,visual_only_manual_p05
EFTA00010025,5,444,3513-052,,Text messages,,2021.10.11,visual_only_manual_p05
EFTA00010025,5,445,3513-053,2019.09.05,Email,,2021.10.25,visual_only_manual_p05
EFTA00010025,5,446,3513-054,,Attachment to email,,2021.10.25,visual_only_manual_p05
EFTA00010025,5,447,3513-055,2019.10.03,Email,,2021.10.25,visual_only_manual_p05
EFTA00010025,5,448,3513-056,2019.10.03,Email,,2021.10.25,visual_only_manual_p05
EFTA00010025,5,449,3513-057,2019.10.04,Email,,2021.10.25,visual_only_manual_p05
EFTA00010025,5,450,3513-058,2019.10.15,Email,,2021.10.25,visual_only_manual_p05
EFTA00010025,5,451,3513-059,2021.10.24,Notes,,2021.10.25,visual_only_manual_p05
EFTA00010025,6,452,3513-060,2021.10.27,Documentation of services,,2021.11.06,visual_only_manual_p06
EFTA00010025,6,453,3514-001,2006.11.15,Interview 302,,2021.10.11,visual_only_manual_p06
EFTA00010025,6,454,3514-002,2006.11.15,Notes,,2021.10.11,visual_only_manual_p06
EFTA00010025,6,455,3514-003,2007.07.30,Declaration,,2021.10.11,visual_only_manual_p06
EFTA00010025,6,456,3514-004,2019.07.15,Transcript,,2021.10.11,visual_only_manual_p06
EFTA00010025,6,457,3514-005,2019.08.27,Transcript,,2021.10.11,visual_only_manual_p06
EFTA00010025,6,458,3514-006,2019.09.28,Interview 302,,2021.10.11,visual_only_manual_p06
EFTA00010025,6,459,3514-007,2019.09.28,Notes,,2021.10.11,visual_only_manual_p06
EFTA00010025,6,460,3514-008,2019.09.29,Email,,2021.10.11,visual_only_manual_p06
EFTA00010025,6,461,3514-009,2019.09.29,Email,,2021.10.11,visual_only_manual_p06
EFTA00010025,6,462,3514-010,2019.10.28,Email,,2021.10.11,visual_only_manual_p06
EFTA00010025,6,463,3514-011,2019.11.13,Complaint,,2021.10.11,visual_only_manual_p06
EFTA00010025,6,464,3514-012,2020.05.09,Notes,,2021.10.11,visual_only_manual_p06
EFTA00010025,6,465,3514-013,2020.06.28,Transcript,,2021.10.11,visual_only_manual_p06
EFTA00010025,6,466,3514-014,2020.07.14,Transcript,,2021.10.11,visual_only_manual_p06
EFTA00010025,6,467,3514-015,2020.12.15,Email,,2021.10.11,visual_only_manual_p06
EFTA00010025,6,468,3514-016,2020.12.15,Letter,,2021.10.11,visual_only_manual_p06
EFTA00010025,6,469,3514-017,2021.03.29,Transcript,,2021.10.11,visual_only_manual_p06
EFTA00010025,6,470,3514-018,2021.05.11,FBI Report,,2021.10.11,visual_only_manual_p06
EFTA00010025,6,471,3514-019,2021.05.29,FBI Report,,2021.10.11,visual_only_manual_p06
EFTA00010025,6,472,3514-020,2021.06.29,FBI Report,,2021.10.11,visual_only_manual_p06
EFTA00010025,6,473,3514-021,2021.06.30,Criminal history report,,2021.10.11,visual_only_manual_p06
EFTA00010025,6,474,3514-022,2021.06.30,Criminal history report,,2021.10.11,visual_only_manual_p06
EFTA00010025,6,475,3514-023,2021.07.26,Interview 302,,2021.10.11,visual_only_manual_p06
EFTA00010025,6,476,3514-024,2021.07.26,Notes,,2021.10.11,visual_only_manual_p06
EFTA00010025,6,477,3514-025,2021.07.29,Notes,,2021.10.11,visual_only_manual_p06
EFTA00010025,6,478,3514-026,2021.09.17,Interview 302,,2021.10.11,visual_only_manual_p06
EFTA00010025,6,479,3514-027,2021.09.17,Notes,,2021.10.11,visual_only_manual_p06
EFTA00010025,6,480,3514-028,2021.09.17,Exhibit to notes,,2021.10.11,visual_only_manual_p06
EFTA00010025,6,481,3514-029,2021.09.17,Exhibit to notes,,2021.10.11,visual_only_manual_p06
EFTA00010025,6,482,3514-030,2021.09.18,Notes,,2021.10.11,visual_only_manual_p06
EFTA00010025,6,483,3514-031,,Photographs,,2021.10.11,visual_only_manual_p06
EFTA00010025,6,484,3514-032,,Photographs,,2021.10.11,visual_only_manual_p06
EFTA00010025,6,485,3514-033,,Photographs,,2021.10.11,visual_only_manual_p06
EFTA00010025,6,486,3514-034,,Photographs,,2021.10.11,visual_only_manual_p06
EFTA00010025,6,487,3514-035,,Photographs,,2021.10.11,visual_only_manual_p06
EFTA00010025,6,488,3514-036,,Photographs,,2021.10.11,visual_only_manual_p06
EFTA00010025,6,489,3514-037,,Photographs,,2021.10.11,visual_only_manual_p06
EFTA00010025,6,490,3514-038,,Photographs,,2021.10.11,visual_only_manual_p06
EFTA00010025,6,491,3514-039,,Photographs,,2021.10.11,visual_only_manual_p06
EFTA00010025,6,492,3514-040,2019.10.15,Email,,2021.10.11,visual_only_manual_p06
EFTA00010025,6,493,3514-041,,Photograph,,2021.10.11,visual_only_manual_p06
EFTA00010025,6,494,3514-042,2008.03.17,Search Warrant,,2021.10.11,visual_only_manual_p06
EFTA00010025,6,495,3514-043,2008.03.17,Search Warrant,,2021.10.11,visual_only_manual_p06
EFTA00010025,6,496,3514-044,2021.11.05,Notes,,2021.11.11,visual_only_manual_p06
EFTA00010025,6,497,3515-001,2020.08.24,Interview 302,,2021.10.11,visual_only_manual_p06
EFTA00010025,6,498,3515-002,2020.08.24,Notes,,2021.10.11,visual_only_manual_p06
EFTA00010025,6,499,3515-003,2021.05.06,Notes,,2021.10.11,visual_only_manual_p06
EFTA00010025,6,500,3515-004,,Text messages,,2021.10.11,visual_only_manual_p06
EFTA00010025,6,501,3515-005,,Text messages,,2021.10.11,visual_only_manual_p06
EFTA00010025,6,502,3515-006,,Text messages,,2021.10.11,visual_only_manual_p06
EFTA00010025,6,503,3515-007,2021.11.03,Notes,,2021.11.06,visual_only_manual_p06
EFTA00010025,6,504,3516-001,2020.12.18,Interview 302,,2021.10.11,visual_only_manual_p06
EFTA00010025,6,505,3516-002,2021.01.13,Interview 302,,2021.10.11,visual_only_manual_p06
EFTA00010025,6,506,3516-003,2021.01.13,Notes,,2021.10.11,visual_only_manual_p06
EFTA00010025,6,507,3516-004,2021.02.29,Transcript,,2021.10.11,visual_only_manual_p06
EFTA00010025,6,508,3516-005,2021.06.07,Notes,,2021.10.11,visual_only_manual_p06
EFTA00010025,6,509,3516-006,2021.06.22,Notes,,2021.10.11,visual_only_manual_p06
EFTA00010025,6,510,3516-007,2021.07.12,Notes,,2021.10.11,visual_only_manual_p06
EFTA00010025,6,511,3516-008,2021.07.16,Email,,2021.10.11,visual_only_manual_p06
EFTA00010025,6,512,3516-009,2021.07.16,Email,,2021.10.11,visual_only_manual_p06
EFTA00010025,6,513,3516-010,,Criminal history report,,2021.10.11,visual_only_manual_p06
EFTA00010025,6,514,3516-011,,Criminal history report,,2021.10.11,visual_only_manual_p06
EFTA00010025,6,515,3516-012,,Criminal history report,,2021.10.11,visual_only_manual_p06
EFTA00010025,6,516,3516-013,,Criminal history report,,2021.10.11,visual_only_manual_p06
EFTA00010025,6,517,3516-014,,Search records,,2021.10.11,visual_only_manual_p06
EFTA00010025,6,518,3516-015,,Criminal history report,,2021.10.11,visual_only_manual_p06
EFTA00010025,6,519,3517-001,2006.08.17,Criminal history report,,2021.10.11,visual_only_manual_p06
EFTA00010025,6,520,3517-002,2006.08.17,Interview 302,,2021.10.11,visual_only_manual_p06
EFTA00010025,6,521,3517-003,2006.08.17,Exhibit to 302,,2021.10.11,visual_only_manual_p06
EFTA00010025,7,522,3517-004,2021.06.30,Interview 302,,2021.10.11,visual_only_manual_p07
EFTA00010025,7,523,3517-005,2021.06.30,Notes,,2021.10.11,visual_only_manual_p07
EFTA00010025,7,524,3517-006,2021.06.30,Exhibit to notes,,2021.10.11,visual_only_manual_p07
EFTA00010025,7,525,3517-007,2021.07.14,Notes,,2021.10.11,visual_only_manual_p07
EFTA00010025,7,526,3517-008,,Text messages,,2021.10.11,visual_only_manual_p07
EFTA00010025,7,527,3517-009,,Notes,,2021.10.11,visual_only_manual_p07
EFTA00010025,7,528,3517-010,2021.11.03,Notes,,2021.11.06,visual_only_manual_p07
EFTA00010025,7,529,3518-001,2019.09.16,Notes,,2021.10.11,visual_only_manual_p07
EFTA00010025,7,530,3518-002,2021.09.24,Notes,,2021.10.11,visual_only_manual_p07
EFTA00010025,7,531,3518-003,2021.09.27,Notes,,2021.10.11,visual_only_manual_p07
EFTA00010025,7,532,3518-004,2021.09.27,Email,,2021.10.11,visual_only_manual_p07
EFTA00010025,7,533,3518-005,,Attachment to Email,,2021.10.11,visual_only_manual_p07
EFTA00010025,7,534,3518-006,,Attachment to Email,,2021.10.11,visual_only_manual_p07
EFTA00010025,7,535,3518-007,,Attachment to Email,,2021.10.11,visual_only_manual_p07
EFTA00010025,7,536,3518-008,,Attachment to Email,,2021.10.11,visual_only_manual_p07
EFTA00010025,7,537,3518-009,,Attachment to Email,,2021.10.11,visual_only_manual_p07
EFTA00010025,7,538,3518-010,,Voicemail,,2021.10.11,visual_only_manual_p07
EFTA00010025,7,539,3518-011,,Voicemail,,2021.10.11,visual_only_manual_p07
EFTA00010025,7,540,3519-001,2021.04.26,Notes,,2021.10.11,visual_only_manual_p07
EFTA00010025,7,541,3519-002,,Criminal history check,,2021.10.11,visual_only_manual_p07
EFTA00010025,7,542,3520-001,2019.07.06,FBI 302,,2021.10.11,visual_only_manual_p07
EFTA00010025,7,543,3520-002,2019.07.06,Text message,,2021.10.11,visual_only_manual_p07
EFTA00010025,7,544,3520-003,2019.07.06,Text message,,2021.10.11,visual_only_manual_p07
EFTA00010025,7,545,3520-004,2019.07.06,Text message,,2021.10.11,visual_only_manual_p07
EFTA00010025,7,546,3520-005,2019.07.11,FBI 302,,2021.10.11,visual_only_manual_p07
EFTA00010025,7,547,3520-006,2019.07.11,FBI 302,,2021.10.11,visual_only_manual_p07
EFTA00010025,7,548,3520-007,2019.07.12,FBI 302,,2021.10.11,visual_only_manual_p07
EFTA00010025,7,549,3520-008,2019.07.15,Email,,2021.10.11,visual_only_manual_p07
EFTA00010025,7,550,3520-009,2019.07.15,Email,,2021.10.11,visual_only_manual_p07
EFTA00010025,7,551,3520-010,2019.07.31,FBI 302,,2021.10.11,visual_only_manual_p07
EFTA00010025,7,552,3520-011,2019.08.02,FBI 302,,2021.10.11,visual_only_manual_p07
EFTA00010025,7,553,3520-012,2019.08.02,Email,,2021.10.11,visual_only_manual_p07
EFTA00010025,7,554,3520-013,2019.08.13,Notes and email,,2021.10.11,visual_only_manual_p07
EFTA00010025,7,555,3520-014,2019.09.17,Email,,2021.10.11,visual_only_manual_p07
EFTA00010025,7,556,3520-015,2020.05.22,Email,,2021.10.11,visual_only_manual_p07
EFTA00010025,7,557,3520-016,2021.04.29,Notes,,2021.10.11,visual_only_manual_p07
EFTA00010025,7,558,3520-017,2021.06.10,Email,,2021.10.11,visual_only_manual_p07
EFTA00010025,7,559,3520-018,,Notes,,2021.10.11,visual_only_manual_p07
EFTA00010025,7,560,3520-019,2021.11.02,Notes,,2021.11.06,visual_only_manual_p07
EFTA00010025,7,561,3521-001,2021.01.29,FBI 302,,2021.10.11,visual_only_manual_p07
EFTA00010025,7,562,3521-002,2021.01.29,Notes,,2021.10.11,visual_only_manual_p07
EFTA00010025,7,563,3521-003,2021.11.02,Notes,,2021.11.06,visual_only_manual_p07
EFTA00010025,7,564,3521-004,2021.11.02,Notes,,2021.11.06,visual_only_manual_p07
EFTA00010025,7,565,3522-001,2003.10.05,Palm Beach Police Department report,,2021.10.11,visual_only_manual_p07
EFTA00010025,7,566,3522-002,2005.09.23,Palm Beach Police Department report,,2021.10.11,visual_only_manual_p07
EFTA00010025,7,567,3522-003,2005.11.07,Palm Beach Police Department report,,2021.10.11,visual_only_manual_p07
EFTA00010025,7,568,3522-004,2006.09.29,Grand Jury records,,2021.10.11,visual_only_manual_p07
EFTA00010025,7,569,3522-005,2021.05.09,Email,,2021.10.11,visual_only_manual_p07
EFTA00010025,7,570,3522-006,2021.05.20,Notes,,2021.10.11,visual_only_manual_p07
EFTA00010025,7,571,3522-007,2021.06.08,Notes,,2021.10.11,visual_only_manual_p07
EFTA00010025,7,572,3522-008,2021.07.15,Notes,,2021.10.11,visual_only_manual_p07
EFTA00010025,7,573,3522-009,,Voicemail,,2021.10.11,visual_only_manual_p07
EFTA00010025,7,574,3522-010,2021.11.08,Notes,,2021.11.11,visual_only_manual_p07
EFTA00010025,7,575,3523-001,2006.01.27,T-Mobile records,,2021.10.11,visual_only_manual_p07
EFTA00010025,7,576,3523-002,2006.01.30,Driver information,,2021.10.11,visual_only_manual_p07
EFTA00010025,7,577,3523-003,2006.02.13,Palm Beach Police Department report,,2021.10.11,visual_only_manual_p07
EFTA00010025,7,578,3523-004,2006.08.15,FBI 302,,2021.10.11,visual_only_manual_p07
EFTA00010025,7,579,3523-005,2006.08.15,Notes,,2021.10.11,visual_only_manual_p07
EFTA00010025,7,580,3523-006,2016.06.03,Deposition transcript,,2021.10.11,visual_only_manual_p07
EFTA00010025,7,581,3523-007,2016.06.03,Deposition exhibit,,2021.10.11,visual_only_manual_p07
EFTA00010025,7,582,3523-008,2016.06.03,Deposition exhibit,,2021.10.11,visual_only_manual_p07
EFTA00010025,7,583,3523-009,2016.06.03,Deposition exhibit,,2021.10.11,visual_only_manual_p07
EFTA00010025,7,584,3523-010,2016.06.03,Deposition exhibit,,2021.10.11,visual_only_manual_p07
EFTA00010025,7,585,3523-011,2016.06.03,Deposition exhibit,,2021.10.11,visual_only_manual_p07
EFTA00010025,8,586,3523-012,2016.06.03,Deposition exhibit,,2021.10.11,visual_only_manual_p08
EFTA00010025,8,587,3523-013,2016.06.03,Deposition exhibit,,2021.10.11,visual_only_manual_p08
EFTA00010025,8,588,3523-014,2016.06.03,Deposition exhibit,,2021.10.11,visual_only_manual_p08
EFTA00010025,8,589,3523-015,2016.06.03,Deposition exhibit,,2021.10.11,visual_only_manual_p08
EFTA00010025,8,590,3523-016,2019.07.06,FBI 302,,2021.10.11,visual_only_manual_p08
EFTA00010025,8,591,3523-017,2020.02.07,Proffer agreement,,2021.10.11,visual_only_manual_p08
EFTA00010025,8,592,3523-018,2020.02.07,FBI 302,,2021.10.11,visual_only_manual_p08
EFTA00010025,8,593,3523-019,2020.02.07,Notes,,2021.10.11,visual_only_manual_p08
EFTA00010025,8,594,3523-020,2020.06.28,Grand jury transcript,,2021.10.11,visual_only_manual_p08
EFTA00010025,8,595,3523-021,2020.07.17,Declaration,,2021.10.11,visual_only_manual_p08
EFTA00010025,8,596,3523-022,2021.02.29,Grand jury transcript,,2021.10.11,visual_only_manual_p08
EFTA00010025,8,597,3523-023,2021.07.30,Notes,,2021.10.11,visual_only_manual_p08
EFTA00010025,8,598,3523-024,2021.08.17,Notes,,2021.10.11,visual_only_manual_p08
EFTA00010025,8,599,3523-025,2021.08.18,Notes,,2021.10.11,visual_only_manual_p08
EFTA00010025,8,600,3523-026,,Flight logs,,2021.10.11,visual_only_manual_p08
EFTA00010025,8,601,3523-027,,Flight logs,,2021.10.11,visual_only_manual_p08
EFTA00010025,8,602,3523-028,,Notes,,2021.10.11,visual_only_manual_p08
EFTA00010025,8,603,3523-029,,Notes,,2021.10.11,visual_only_manual_p08
EFTA00010025,8,604,3524-001,2006.08.01,Records search,,2021.10.11,visual_only_manual_p08
EFTA00010025,8,605,3524-002,2006.12.04,Records search,,2021.10.11,visual_only_manual_p08
EFTA00010025,8,606,3524-003,2007.01.27,W2,,2021.10.11,visual_only_manual_p08
EFTA00010025,8,607,3524-004,2007.02.14,Letter,,2021.10.11,visual_only_manual_p08
EFTA00010025,8,608,3524-005,2007.05.23,Employment records,,2021.10.11,visual_only_manual_p08
EFTA00010025,8,609,3524-006,2010.03.15,Deposition transcript,,2021.10.11,visual_only_manual_p08
EFTA00010025,8,610,3524-007,2019.07.06,FBI 302,,2021.10.11,visual_only_manual_p08
EFTA00010025,8,611,3524-008,2019.07.09,Notes,,2021.10.11,visual_only_manual_p08
EFTA00010025,8,612,3524-009,2019.07.12,FBI 302,,2021.10.11,visual_only_manual_p08
EFTA00010025,8,613,3524-010,2019.07.12,Notes,,2021.10.11,visual_only_manual_p08
EFTA00010025,8,614,3524-011,2019.09.10,FBI 302,,2021.10.11,visual_only_manual_p08
EFTA00010025,8,615,3524-012,2019.09.10,Notes,,2021.10.11,visual_only_manual_p08
EFTA00010025,8,616,3524-013,2021.05.14,FBI 302,,2021.10.11,visual_only_manual_p08
EFTA00010025,8,617,3524-014,2021.05.14,Notes,,2021.10.11,visual_only_manual_p08
EFTA00010025,8,618,3524-015,2021.05.14,Proffer agreement,,2021.10.11,visual_only_manual_p08
EFTA00010025,8,619,3524-016,2021.08.20,FBI 302,,2021.10.11,visual_only_manual_p08
EFTA00010025,8,620,3524-017,2021.08.20,Notes,,2021.10.11,visual_only_manual_p08
EFTA00010025,8,621,3524-018,2021.09.30,Notes,,2021.10.11,visual_only_manual_p08
EFTA00010025,8,622,3524-019,2021.10.01,Proffer agreement,,2021.10.11,visual_only_manual_p08
EFTA00010025,8,623,3524-020,2021.10.01,Notes,,2021.10.11,visual_only_manual_p08
EFTA00010025,8,624,3524-021,,Criminal history check,,2021.10.11,visual_only_manual_p08
EFTA00010025,8,625,3524-022,,Criminal history check,,2021.10.11,visual_only_manual_p08
EFTA00010025,8,626,3524-023,2007.08.31,Letter,,2021.10.11,visual_only_manual_p08
EFTA00010025,8,627,3524-024,2021.10.27,Notes,,2021.11.06,visual_only_manual_p08
EFTA00010025,8,628,3524-025,2021.11.05,Proffer agreement,,2021.11.11,visual_only_manual_p08
EFTA00010025,8,629,3524-026,2021.11.05,Notes,,2021.11.11,visual_only_manual_p08
EFTA00010025,8,630,3525-001,2021.09.21,Notes,,2021.10.11,visual_only_manual_p08
EFTA00010025,8,631,3525-002,2021.09.21,Email,,2021.10.11,visual_only_manual_p08
EFTA00010025,8,632,3525-003,2021.09.21,Voicemail,,2021.10.11,visual_only_manual_p08
EFTA00010025,8,633,3526-001,2021.09.22,Notes,,2021.10.11,visual_only_manual_p08
EFTA00010025,8,634,3526-002,2021.09.22,Notes,,2021.10.11,visual_only_manual_p08
EFTA00010025,8,635,3527-001,2006.11.27,FBI 302,,2021.10.11,visual_only_manual_p08
EFTA00010025,8,636,3527-002,2006.11.27,W2,,2021.10.11,visual_only_manual_p08
EFTA00010025,8,637,3527-003,2009.10.15,Deposition transcript,,2021.10.11,visual_only_manual_p08
EFTA00010025,8,638,3527-004,2019.07.09,FBI 302,,2021.10.11,visual_only_manual_p08
EFTA00010025,8,639,3527-005,2020.10.07,FBI 302,,2021.10.11,visual_only_manual_p08
EFTA00010025,8,640,3527-006,2020.10.07,Notes,,2021.10.11,visual_only_manual_p08
EFTA00010025,8,641,3527-007,2020.10.07,Exhibit for proffer,,2021.10.11,visual_only_manual_p08
EFTA00010025,8,642,3527-008,2020.10.07,Proffer agreement,,2021.10.11,visual_only_manual_p08
EFTA00010025,8,643,3527-009,2020.11.12,FBI 302,,2021.10.11,visual_only_manual_p08
EFTA00010025,8,644,3527-010,2020.11.12,Notes,,2021.10.11,visual_only_manual_p08
EFTA00010025,8,645,3527-011,2020.11.12,Proffer agreement,,2021.10.11,visual_only_manual_p08
EFTA00010025,8,646,3527-012,2021.08.04,Notes,,2021.10.11,visual_only_manual_p08
EFTA00010025,8,647,3527-013,2021.08.16,Notes,,2021.10.11,visual_only_manual_p08
EFTA00010025,8,648,3527-014,2020.08.17,Notes,,2021.10.11,visual_only_manual_p08
EFTA00010025,8,649,3527-015,,Various notes,,2021.10.11,visual_only_manual_p08
EFTA00010025,8,650,3527-016,2021.11.09,Notes,,2021.11.11,visual_only_manual_p08
EFTA00010025,8,651,3528-001,2021.11.01,Notes,,2021.11.11,visual_only_manual_p08
